latex	79618	76f0176bae050a9221ec5eea7b6e2b1c56a5a0395cf4bff5df9a5ed491739882
latex-fonts	79618	6ceef2f25c8787eb9d39a6bdaeed94b0e4712e24c53052660e0d96eae938a867
l3kernel	80334	1b08f269dee6863b2ae03292f53509e7c7ef373d4d88b85fdeceffd373337fec
l3packages	76637	dbf8a6c910e8886960d735626bfc5249e08bef7eb611733b054184fe8c321091
graphics	79234	f0aaf4b7fe43f34820ee8474b9a0ae53051743db11ecb849310966d0bd895e1e
graphics-cfg	41448	f49fd69ee7b03442e3ce16837e846d1e108e8a71db098fe8eb707c0e3d8e2c6c
graphics-def	76719	711fa92c9559c7563fd2e359cb39a988e843d2499953742f95a29439e09e6b87
tools	79234	2d0bfa3f66fb896b32cc4d9d9ba9866994aeeaa077ebdb37adef855b2eb20d55
amsmath	79234	99c94f17b3072088da403a1642c5faef9ea510fe2376fad92a462403ea62139e
amsfonts	77682	8fa7a956504020982f0eeace49c2dc65ba7d19f178403030474d85c5709582b1
amscls	77682	6bc23a08e43f0837581486d9ceb2624598fb28f56d88333848327dbc2cf48c2d
xcolor	77682	081d28d119901fca408b82a4c12862ed829e45f14a8678034ef02f8ecfd5da54
geometry	78315	8ba10e4283961c9b0c5348351e40cd15612a7ea808e297b918528ebdfd07a50c
url	77682	947284b030f06cfcbc7abb831bb5dff2b19312cf778161ee477348c2dd88fc09
booktabs	77682	a5a9ed5c865f6aad4cd197f189f796f87b272bf9e0ebd2851debca2eef5fb613
enumitem	79618	1e1c0092c3728b76356a7b106a65134d14371a9b4aa61085cd11f4ce949dcf4b
caption	79618	ef4ae6ef70f095847d55bc407f8d55517856d33c2bcf2010e79988ac80b11acc
hyperref	80357	0f48188aa5418e491624e1c34f4abc80e1b637ff9ab5ed302c7ec08e0244bd6f
kvoptions	79461	c93bd87cfee682ef3ecfaa76b40978174db1ba352fcf58323cf2b8cbf668697a
kvsetkeys	79461	96016d63dd7498047794adbee9bb849a1e0d9d55f3551780a764c1983c2b1b6d
ltxcmds	79461	55893c6da822111bc6a189bc7809aa8ed7e66e53cd919a2ccd2ed90ba1426aaf
etoolbox	77682	ffb21fc7073f9cb89dbc0bd999a98b1e9b7285fc1a46056254d4a167707f0658
xkeyval	77682	b9ff864c4f6e029b20c4f15f26a378bc9c089016225d4e19949af939259e0161
fancyhdr	78348	08acefe6dd7d96f18d6b5f28af58f22c16801f6a031a64441f29ee0656444124
titlesec	77682	e5f09132bd59c58a17441516dc278dd52d3d0e0714135da9d294a7016b89cf25
float	79618	e45a8b31c32854de378096bb76ba06b63e37ed3db6f1ce5cd42a0bb0be4a512d
multirow	77682	84b85d559d1a08c48d3250643f80f1685138334d8c267a9e952f3cab1c840ec2
