class	papers	percent
article	522	52.7
revtex4-2	88	8.9
amsart	84	8.5
IEEEtran	81	8.2
acmart	45	4.5
llncs	17	1.7
elsarticle	15	1.5
aa	14	1.4
ieeeconf	14	1.4
sn-jnl	10	1.0
aastex701	8	0.8
revtex4-1	8	0.8
standalone	8	0.8
cas-dc	6	0.6
eptcs	6	0.6
revtex4	5	0.5
extarticle	4	0.4
openjournal	4	0.4
wlscirep	4	0.4
mnras	3	0.3
AASTeX62	2	0.2
aastex631	2	0.2
aastex7	2	0.2
lipics-v2021	2	0.2
siamart251216	2	0.2
svjour3	2	0.2
vgtc	2	0.2
webofc	2	0.2
IEEE_lsens	1	0.1
IEEEoj	1	0.1
IEEEtaes	1	0.1
IEEEtaes_edit	1	0.1
OCPreprint	1	0.1
Template/IEEEtran	1	0.1
Template/acmart-primary/acmart	1	0.1
USG	1	0.1
aastex63	1	0.1
aastex701mod	1	0.1
achemso	1	0.1
adaption	1	0.1
agujournal2019	1	0.1
aidata	1	0.1
alaya	1	0.1
arxivstyle	1	0.1
biom	1	0.1
book	1	0.1
bytedance_seed	1	0.1
ceurart	1	0.1
dronar-preprint	1	0.1
dukecei	1	0.1
easychair	1	0.1
eitnlp	1	0.1
ejpecp	1	0.1
fairmeta	1	0.1
iau	1	0.1
icha5author	1	0.1
ieeecolor	1	0.1
ifacconf	1	0.1
imsart	1	0.1
informs4	1	0.1
jdsart	1	0.1
jingdong	1	0.1
jmlr	1	0.1
main	1	0.1
mathdoc	1	0.1
moriond	1	0.1
pas	1	0.1
preprint	1	0.1
programming	1	0.1
relaxed_system_lab	1	0.1
sagej	1	0.1
scrartcl	1	0.1
style	1	0.1
style1	1	0.1
svproc	1	0.1
