package	papers	percent
amsmath	886	89.4
hyperref	850	85.8
graphicx	847	85.5
amssymb	803	81.0
xcolor	728	73.5
booktabs	657	66.3
amsfonts	468	47.2
fontenc	463	46.7
url	448	45.2
amsthm	439	44.3
geometry	434	43.8
multirow	391	39.5
microtype	380	38.3
natbib	363	36.6
bm	362	36.5
enumitem	349	35.2
inputenc	334	33.7
mathtools	324	32.7
array	312	31.5
tikz	310	31.3
float	293	29.6
subcaption	289	29.2
caption	276	27.9
algorithm	228	23.0
cleveref	225	22.7
times	219	22.1
tabularx	187	18.9
comment	169	17.1
algpseudocode	166	16.8
etoolbox	156	15.7
color	154	15.5
placeins	150	15.1
makecell	148	14.9
wrapfig	148	14.9
eso-pic	145	14.6
babel	143	14.4
lineno	141	14.2
textcomp	141	14.2
xspace	141	14.2
mathrsfs	138	13.9
citeref	135	13.6
tcolorbox	135	13.6
cite	134	13.5
fancyhdr	129	13.0
newtxmath	118	11.9
longtable	116	11.7
listings	115	11.6
setspace	113	11.4
lmodern	109	11.0
ulem	107	10.8
pifont	106	10.7
colortbl	100	10.1
algorithmic	97	9.8
nicefrac	92	9.3
environ	85	8.6
bbm	84	8.5
siunitx	78	7.9
soul	78	7.9
adjustbox	74	7.5
authblk	73	7.4
enumerate	72	7.3
pgfplots	71	7.2
latexsym	70	7.1
rotating	69	7.0
iftex	64	6.5
todonotes	64	6.5
dcolumn	60	6.1
multicol	60	6.1
verbatim	60	6.1
dsfont	59	6.0
titlesec	59	6.0
epsfig	58	5.9
balance	55	5.5
mathtime	55	5.5
mt11p	55	5.5
mtpro2	55	5.5
needspace	54	5.4
framed	53	5.3
threeparttable	52	5.2
appendix	51	5.1
braket	48	4.8
calc	48	4.8
xstring	48	4.8
lipsum	44	4.4
manyfoot	44	4.4
physics	43	4.3
ifthen	42	4.2
orcidlink	41	4.1
xurl	41	4.1
cmap	40	4.0
unicode-math	39	3.9
algorithm2e	38	3.8
hyperxmp	37	3.7
parskip	37	3.7
totpages	37	3.7
zi4	37	3.7
biblatex	36	3.6
libertine	36	3.6
refcount	36	3.6
stmaryrd	36	3.6
subfig	36	3.6
newtxtext	35	3.5
pbalance	35	3.5
xkeyval	35	3.5
draftwatermark	34	3.4
zref-savepos	34	3.4
zref-user	34	3.4
inconsolata	33	3.3
tikz-cd	33	3.3
aliascnt	32	3.2
thmtools	32	3.2
csquotes	31	3.1
cuted	31	3.1
capt-of	30	3.0
mdframed	30	3.0
slashed	30	3.0
thm-restate	28	2.8
fontawesome5	27	2.7
amscd	26	2.6
cancel	26	2.6
stfloats	26	2.6
txfonts	26	2.6
epstopdf	25	2.5
subfigure	25	2.5
ragged2e	24	2.4
bookmark	23	2.3
epsf	23	2.3
footmisc	23	2.3
xparse	23	2.3
ifpdf	22	2.2
mathptmx	22	2.2
flafter	21	2.1
fullpage	21	2.1
marginnote	21	2.1
titletoc	21	2.1
helvet	19	1.9
etex	18	1.8
svg	18	1.8
textcase	18	1.8
bbold	17	1.7
breakurl	17	1.7
upgreek	17	1.7
acronym	16	1.6
algorithmicx	16	1.6
arydshln	16	1.6
courier	16	1.6
graphics	16	1.6
indentfirst	15	1.5
xy	15	1.5
etoc	14	1.4
expl3	14	1.4
glossaries	14	1.4
keyval	14	1.4
paralist	14	1.4
relsize	14	1.4
CJKutf8	13	1.3
fix-cm	13	1.3
lscape	13	1.3
marvosym	13	1.3
silence	13	1.3
tablefootnote	13	1.3
fvextra	12	1.2
hyphenat	12	1.2
newfloat	12	1.2
nicematrix	12	1.2
wasysym	12	1.2
diagbox	11	1.1
doi	11	1.1
esint	11	1.1
footnote	11	1.1
hypcap	11	1.1
lastpage	11	1.1
pdflscape	11	1.1
bbding	10	1.0
empheq	10	1.0
gensymb	10	1.0
accents	9	0.9
afterpage	9	0.9
flushend	9	0.9
fontawesome	9	0.9
fontspec	9	0.9
mathpartir	9	0.9
mathpazo	9	0.9
pgf	9	0.9
pgfplotstable	9	0.9
tocloft	9	0.9
upquote	9	0.9
apacite	8	0.8
changepage	8	0.8
chngcntr	8	0.8
dblfloatfix	8	0.8
eucal	8	0.8
grffile	8	0.8
mathalpha	8	0.8
scalerel	8	0.8
amsbsy	7	0.7
amstext	7	0.7
blindtext	7	0.7
colonequals	7	0.7
endfloat	7	0.7
kvoptions	7	0.7
mhchem	7	0.7
nameref	7	0.7
pdfpages	7	0.7
seqsplit	7	0.7
cases	6	0.6
fancybox	6	0.6
fancyvrb	6	0.6
footnotehyper	6	0.6
hhline	6	0.6
overpic	6	0.6
psfrag	6	0.6
quantikz	6	0.6
tabularray	6	0.6
tensor	6	0.6
underscore	6	0.6
vruler	6	0.6
xfrac	6	0.6
xpatch	6	0.6
xr	6	0.6
xr-hyper	6	0.6
ytableau	6	0.6
amsaddr	5	0.5
breqn	5	0.5
calligra	5	0.5
commath	5	0.5
complexity	5	0.5
csvsimple	5	0.5
epic	5	0.5
euscript	5	0.5
forloop	5	0.5
import	5	0.5
l3regex	5	0.5
mathabx	5	0.5
mleftright	5	0.5
nccmath	5	0.5
newunicodechar	5	0.5
pstricks	5	0.5
sidecap	5	0.5
tabu	5	0.5
tgpagella	5	0.5
theorem	5	0.5
tikz-3dplot	5	0.5
tikz-feynman	5	0.5
titling	5	0.5
xeCJK	5	0.5
MnSymbol	4	0.4
XCharter	4	0.4
abstract	4	0.4
algpseudocodex	4	0.4
amsopn	4	0.4
amsxtra	4	0.4
anyfontsize	4	0.4
cas-common	4	0.4
charis	4	0.4
dashbox	4	0.4
datetime	4	0.4
dirtytalk	4	0.4
ednmath0	4	0.4
edtable	4	0.4
extarrows	4	0.4
libertinus	4	0.4
minted	4	0.4
moreverb	4	0.4
mwe	4	0.4
ntheorem	4	0.4
srcltx	4	0.4
standalone	4	0.4
stix	4	0.4
units	4	0.4
vplref	4	0.4
xargs	4	0.4
xltabular	4	0.4
yfonts	4	0.4
youngtab	4	0.4
CJK	3	0.3
IEEEtrantools	3	0.3
axessibility	3	0.3
bigdelim	3	0.3
bigints	3	0.3
bigstrut	3	0.3
centernot	3	0.3
changes	3	0.3
charter	3	0.3
crop	3	0.3
eepic	3	0.3
epigraph	3	0.3
esvect	3	0.3
eurosym	3	0.3
fixmath	3	0.3
forest	3	0.3
here	3	0.3
ifsym	3	0.3
kotex	3	0.3
leftindex	3	0.3
lettrine	3	0.3
mathdots	3	0.3
mciteplus	3	0.3
newtxtt	3	0.3
numprint	3	0.3
quiver	3	0.3
scrlayer-scrpage	3	0.3
scrtime	3	0.3
sectsty	3	0.3
selnolig	3	0.3
stackengine	3	0.3
subfiles	3	0.3
textgreek	3	0.3
tgheros	3	0.3
tgtermes	3	0.3
tipa	3	0.3
utfsym	3	0.3
varwidth	3	0.3
xifthen	3	0.3
FiraMono	2	0.2
a4wide	2	0.2
acro	2	0.2
alltt	2	0.2
amsrefs	2	0.2
background	2	0.2
beramono	2	0.2
bibentry	2	0.2
bibunits	2	0.2
blkarray	2	0.2
calrsfs	2	0.2
ccicons	2	0.2
censor	2	0.2
circledsteps	2	0.2
circuitikz	2	0.2
cochineal	2	0.2
colorprofiles	2	0.2
combelow	2	0.2
contour	2	0.2
ctex	2	0.2
dashrule	2	0.2
datetime2	2	0.2
derivative	2	0.2
doclicense	2	0.2
endnotes	2	0.2
esdiff	2	0.2
filecontents	2	0.2
fixltx2e	2	0.2
floatrow	2	0.2
hepnicenames	2	0.2
hypdvips	2	0.2
ifxetex	2	0.2
inputenx	2	0.2
letterspace	2	0.2
ltablex	2	0.2
makeidx	2	0.2
mathbbol	2	0.2
minitoc	2	0.2
morefloats	2	0.2
newpxmath	2	0.2
newpxtext	2	0.2
newtx	2	0.2
nomencl	2	0.2
nowidow	2	0.2
nth	2	0.2
palatino	2	0.2
paracol	2	0.2
pdfsync	2	0.2
pict2e	2	0.2
polyglossia	2	0.2
prelim2e	2	0.2
rotfloat	2	0.2
sourcesanspro	2	0.2
subfloat	2	0.2
tabto	2	0.2
tkz-euclide	2	0.2
tocbibind	2	0.2
twemojis	2	0.2
upref	2	0.2
varioref	2	0.2
xfp	2	0.2
yhmath	2	0.2
FiraSans	1	0.1
SIunits	1	0.1
Tabbing	1	0.1
a4	1	0.1
academicons	1	0.1
accsupp	1	0.1
algcompatible	1	0.1
aligned-overset	1	0.1
alphabeta	1	0.1
animate	1	0.1
apptools	1	0.1
apxproof	1	0.1
ascmac	1	0.1
atbegshi	1	0.1
autonum	1	0.1
bclogo	1	0.1
berasans	1	0.1
biblatex-chicago	1	0.1
boites	1	0.1
boxedminipage	1	0.1
breakcites	1	0.1
bussproofs	1	0.1
bxcjkjatype	1	0.1
bxcoloremoji	1	0.1
cabin	1	0.1
catchfile	1	0.1
ccaption	1	0.1
cellspace	1	0.1
chemformula	1	0.1
chngpage	1	0.1
cmll	1	0.1
colordvi	1	0.1
cprotect	1	0.1
cryptocode	1	0.1
delarray	1	0.1
delimset	1	0.1
dirtree	1	0.1
docmute	1	0.1
domitian	1	0.1
dot2texi	1	0.1
duckuments	1	0.1
emptypage	1	0.1
endrotfloat	1	0.1
epiolmec	1	0.1
eqparbox	1	0.1
euler	1	0.1
expdlist	1	0.1
extdash	1	0.1
faktor	1	0.1
feynmp-auto	1	0.1
fixme	1	0.1
floatflt	1	0.1
floatpag	1	0.1
fnpct	1	0.1
fourier	1	0.1
fp	1	0.1
ftnright	1	0.1
get_git	1	0.1
gradient-text	1	0.1
graphbox	1	0.1
grfext	1	0.1
halloweenmath	1	0.1
hepunits	1	0.1
hf-tikz	1	0.1
ifluatex	1	0.1
imakeidx	1	0.1
isomath	1	0.1
latexrelease	1	0.1
layout	1	0.1
leftidx	1	0.1
letltxmacro	1	0.1
libertinust1math	1	0.1
listingsutf8	1	0.1
lstlinebgrd	1	0.1
ltxgrid	1	0.1
ltxtable	1	0.1
ltxutil	1	0.1
luatex85	1	0.1
luatexbase	1	0.1
manfnt	1	0.1
mathalfa	1	0.1
mathastext	1	0.1
mathcomp	1	0.1
mathdesign	1	0.1
mathscinet	1	0.1
mathtext	1	0.1
mdwmath	1	0.1
mdwtab	1	0.1
montserrat	1	0.1
mslapa	1	0.1
multibib	1	0.1
mweights	1	0.1
newfile	1	0.1
newlfont	1	0.1
optidef	1	0.1
pb-diagram	1	0.1
pdfrender	1	0.1
pdftexcmds	1	0.1
pdfx	1	0.1
pgf-pie	1	0.1
pgffor	1	0.1
pgfkeys	1	0.1
pgfmath	1	0.1
pgfopts	1	0.1
physics2	1	0.1
picture	1	0.1
prettyref	1	0.1
proof	1	0.1
proof-at-the-end	1	0.1
pslatex	1	0.1
pst-grad	1	0.1
pxfonts	1	0.1
qcircuit	1	0.1
resizegather	1	0.1
revsymb4-2	1	0.1
romannum	1	0.1
rotate	1	0.1
sansmath	1	0.1
savesym	1	0.1
savetrees	1	0.1
scalefnt	1	0.1
scrbase	1	0.1
scrhack	1	0.1
scsnowman	1	0.1
secdot	1	0.1
semantic	1	0.1
sfmath	1	0.1
shadowtext	1	0.1
shellesc	1	0.1
showkeys	1	0.1
soulutf8	1	0.1
sourcesans	1	0.1
spectralsequences	1	0.1
spotcolor	1	0.1
stackrel	1	0.1
steinmetz	1	0.1
stix2	1	0.1
subdepth	1	0.1
suffix	1	0.1
supertabular	1	0.1
syntax	1	0.1
systeme	1	0.1
tabls	1	0.1
tabulary	1	0.1
tensind	1	0.1
teubner	1	0.1
tikz-dependency	1	0.1
tikz-dimline	1	0.1
tikz-timing	1	0.1
tikzpagenodes	1	0.1
tikzscale	1	0.1
titlefoot	1	0.1
tkz-graph	1	0.1
tocvsec2	1	0.1
totcount	1	0.1
tracefnt	1	0.1
transparent	1	0.1
turnstile	1	0.1
twoopt	1	0.1
typearea	1	0.1
usenix2019_v3	1	0.1
utopia	1	0.1
version	1	0.1
vtexnatbib	1	0.1
watermark	1	0.1
xcite	1	0.1
zlmtt	1	0.1
zref-clever	1	0.1
zref-xr	1	0.1
